{
	"IcoMoonType": "selection",
	"icons": [
		{
			"icon": {
				"paths": [
					"M254.72 768h-186.88c-12.8 0-23.040 5.12-33.28 14.080-8.96 8.96-14.080 20.48-14.080 33.28v162.56c0 12.8 5.12 23.040 14.080 33.28 10.24 7.68 21.76 12.8 33.28 12.8h185.6c12.8 0 23.040-5.12 33.28-14.080 8.96-8.96 14.080-20.48 14.080-33.28v-162.56c0-12.8-5.12-23.040-14.080-33.28-8.96-7.68-19.2-12.8-32-12.8z",
					"M309.76 14.080c-8.96-8.96-19.2-14.080-32-14.080h-232.96c-12.8 0-23.040 5.12-32 14.080s-12.8 20.48-12.8 32l20.48 558.080c0 12.8 5.12 23.040 15.36 33.28 8.96 8.96 20.48 14.080 33.28 14.080h185.6c12.8 0 23.040-5.12 33.28-14.080 8.96-8.96 14.080-20.48 15.36-33.28l20.48-558.080c0-11.52-5.12-23.040-14.080-32z"
				],
				"attrs": [],
				"isMulticolor": false,
				"width": 323,
				"grid": 0,
				"tags": [
					"exclamacao"
				]
			},
			"attrs": [],
			"properties": {
				"order": 6,
				"id": 5,
				"prevSize": 32,
				"code": 59648,
				"name": "exclamacao"
			},
			"setIdx": 0,
			"setId": 1,
			"iconIdx": 0
		},
		{
			"icon": {
				"paths": [
					"M512 1024c-281.6 0-512-230.4-512-512s230.4-512 512-512 512 230.4 512 512-230.4 512-512 512zM512 64c-246.4 0-448 201.6-448 448s201.6 448 448 448 448-201.6 448-448-201.6-448-448-448z",
					"M510.4 708.8l-316.8-267.2 41.6-48 275.2 232 278.4-235.2 41.6 49.6z"
				],
				"attrs": [],
				"isMulticolor": false,
				"grid": 0,
				"tags": [
					"proxSes"
				]
			},
			"attrs": [],
			"properties": {
				"order": 5,
				"id": 4,
				"prevSize": 32,
				"code": 59649,
				"name": "proxSes"
			},
			"setIdx": 0,
			"setId": 1,
			"iconIdx": 1
		},
		{
			"icon": {
				"paths": [
					"M46.545 0c11.171 0 24.204 3.724 33.513 13.033l497.105 498.967-497.105 498.967c-18.618 18.618-48.407 18.618-65.164 0-18.618-18.618-18.618-48.407 0-65.164l431.942-433.804-433.804-431.942c-18.618-18.618-18.618-48.407 0-65.164 9.309-11.171 22.342-14.895 33.513-14.895z"
				],
				"attrs": [],
				"isMulticolor": false,
				"width": 577,
				"grid": 0,
				"tags": [
					"seta_direita"
				]
			},
			"attrs": [],
			"properties": {
				"order": 4,
				"id": 3,
				"prevSize": 32,
				"code": 59650,
				"name": "seta_direita"
			},
			"setIdx": 0,
			"setId": 1,
			"iconIdx": 2
		},
		{
			"icon": {
				"paths": [
					"M530.618 1024c-11.171 0-24.204-3.724-33.513-13.033l-497.105-498.967 498.967-498.967c18.618-18.618 48.407-18.618 65.164 0 18.618 18.618 18.618 48.407 0 65.164l-431.942 433.804 431.942 431.942c18.618 18.618 18.618 48.407 0 65.164-9.309 11.171-20.48 14.895-33.513 14.895z"
				],
				"attrs": [],
				"isMulticolor": false,
				"width": 577,
				"grid": 0,
				"tags": [
					"seta_esq"
				]
			},
			"attrs": [],
			"properties": {
				"order": 3,
				"id": 2,
				"prevSize": 32,
				"code": 59651,
				"name": "seta_esq"
			},
			"setIdx": 0,
			"setId": 1,
			"iconIdx": 3
		},
		{
			"icon": {
				"paths": [
					"M587.093 1024l-587.093-1024h1181.013z"
				],
				"attrs": [],
				"isMulticolor": false,
				"width": 1181,
				"grid": 0,
				"tags": [
					"setaPreenchida_baixo"
				]
			},
			"attrs": [],
			"properties": {
				"order": 2,
				"id": 1,
				"prevSize": 32,
				"code": 59652,
				"name": "setaPreenchida_baixo"
			},
			"setIdx": 0,
			"setId": 1,
			"iconIdx": 4
		},
		{
			"icon": {
				"paths": [
					"M887.861 514.96l-887.861 509.040v-1024z"
				],
				"attrs": [],
				"isMulticolor": false,
				"width": 888,
				"grid": 0,
				"tags": [
					"setaPreenchida_direita"
				]
			},
			"attrs": [],
			"properties": {
				"order": 1,
				"id": 0,
				"prevSize": 32,
				"code": 59653,
				"name": "setaPreenchida_direita"
			},
			"setIdx": 0,
			"setId": 1,
			"iconIdx": 5
		}
	],
	"height": 1024,
	"metadata": {
		"name": "icomoon"
	},
	"preferences": {
		"showGlyphs": true,
		"showQuickUse": true,
		"showQuickUse2": true,
		"showSVGs": true,
		"fontPref": {
			"prefix": "icon-",
			"metadata": {
				"fontFamily": "icomoon"
			},
			"metrics": {
				"emSize": 1024,
				"baseline": 6.25,
				"whitespace": 50
			},
			"embed": false
		},
		"imagePref": {
			"prefix": "icon-",
			"png": true,
			"useClassSelector": true,
			"color": 0,
			"bgColor": 16777215,
			"classSelector": ".icon",
			"autoHost": false
		},
		"historySize": 100,
		"showCodes": true,
		"gridSize": 16,
		"quickUsageToken": {}
	}
}